URL,Title,Address
https://newyork.craigslist.org/wch/egr/6179808902.html,Junior Architect,Dobbs Ferry
https://newyork.craigslist.org/mnh/egr/6179738583.html,Junior Designer,SoHo
https://newyork.craigslist.org/brk/egr/6179469640.html,Junior Architect /  CAD Drafter,Brooklyn
https://newyork.craigslist.org/mnh/egr/6179377487.html,Attention Architecture/Engineering graduates with a bachelor degree,Midtown West
https://newyork.craigslist.org/mnh/egr/6179208506.html,ARCHITECTURAL INETRNSHIP,Battery Park
https://newyork.craigslist.org/que/egr/6179125438.html,Electrical estimator,Long Island City
https://newyork.craigslist.org/lgi/egr/6178540233.html,Draftsman,
https://newyork.craigslist.org/mnh/egr/6178521596.html,Architecture Project Manager,New York
https://newyork.craigslist.org/mnh/egr/6178483559.html,Project Architect,New York
https://newyork.craigslist.org/brk/egr/6178423703.html,Professional wanted,NYC
https://newyork.craigslist.org/mnh/egr/6178388611.html,Architect Intern,Financial District
https://newyork.craigslist.org/mnh/egr/6178379260.html,CNC operator,Long Island City
https://newyork.craigslist.org/brx/egr/6178374660.html,"On site Construction Project Manager, must be able to understand DRWGS","Bronx project, Queens office"
https://newyork.craigslist.org/fct/egr/6178291073.html,Field Technician/ Construction Inspector,Norwalk
https://newyork.craigslist.org/mnh/egr/6178146462.html,Intermediate Architect | Events Architecture | NYC Codes,Midtown
https://newyork.craigslist.org/mnh/egr/6177840705.html,Multi-Unit Construction Project Director (growing company),Manhattan
https://newyork.craigslist.org/stn/egr/6177627464.html,Architectural Project Manager,NYC / Staten Island
https://newyork.craigslist.org/brk/egr/6177437598.html,Construction Background Intermediate Level Architect Interior Design,
https://newyork.craigslist.org/que/egr/6177213642.html,Junior Electrical Estimator,Maspeth
https://newyork.craigslist.org/mnh/egr/6177105581.html,Interior Design Job Captain,Flatiron
https://newyork.craigslist.org/mnh/egr/6177104566.html,Interior Design Project Manager - Retail,Flatiron
https://newyork.craigslist.org/jsy/egr/6177096101.html,Interior Architecture Project Manager,Woodbridge
https://newyork.craigslist.org/jsy/egr/6177084728.html,Architecture Job Captain,Woodbridge
https://newyork.craigslist.org/jsy/egr/6177083151.html,Interior Architecture Senior Designer,Woodbridge
https://newyork.craigslist.org/jsy/egr/6177081614.html,Interior Design Senior Designer,Woodbridge
https://newyork.craigslist.org/jsy/egr/6177079524.html,Interior Design Project Manager,"Woodbridge, NJ"
https://newyork.craigslist.org/jsy/egr/6177073530.html,Project Architect,"Woodbridge, NJ"
https://newyork.craigslist.org/brk/egr/6177028889.html,Job Opening - Project Estimator,"Brooklyn, NY"
https://newyork.craigslist.org/mnh/egr/6177021518.html,Sr. Electrical Estimator,New York
https://newyork.craigslist.org/wch/egr/6177012695.html,Sr. Electrical Estimator,Westchester
https://newyork.craigslist.org/brk/egr/6176982195.html,Intermediate Architect (Revit),Williamsburg
https://newyork.craigslist.org/mnh/egr/6176955464.html,Field Service Engineer,
https://newyork.craigslist.org/brk/egr/6176892860.html,Architecture Firm Seeking Junior Architect,Brooklyn
https://newyork.craigslist.org/mnh/egr/6176853938.html,Quality Assurance for Architecture Firm,Midtown West
https://newyork.craigslist.org/mnh/egr/6176803151.html,Project Engineer - GEOTECH,NYC
https://newyork.craigslist.org/que/egr/6176706804.html,Structural Engineer,Rego Park
https://newyork.craigslist.org/wch/egr/6176675991.html,Administrative assistant,Croton on Hudson
https://newyork.craigslist.org/que/egr/6176530783.html,Estimator for Metal Fabrication Co.,Maspeth
https://newyork.craigslist.org/mnh/egr/6176527488.html,Interior Designer | Corporate Interiors,Midtown
https://newyork.craigslist.org/mnh/egr/6176514370.html,Project Architect | Corporate Interiors,Midtown
https://newyork.craigslist.org/brx/egr/6176471235.html,Project Manager,
https://newyork.craigslist.org/brk/egr/6176352853.html,Intermediate Architect,Williamsburg
https://newyork.craigslist.org/brk/egr/6176329628.html,Senior Project Architect,Williamsburg
https://newyork.craigslist.org/mnh/egr/6176201216.html,Junior Architect - 1 to 3 Year Experience,Chelsea
https://newyork.craigslist.org/mnh/egr/6176199517.html,Energy Efficiency Outreach Specialist,Midtown
https://newyork.craigslist.org/mnh/egr/6176164081.html,Energy Efficiency Engineers,Midtown East
https://newyork.craigslist.org/mnh/egr/6176075080.html,ARCHITECTURAL DRAFTER,East Harlem
https://newyork.craigslist.org/brk/egr/6175570909.html,Seeking Architect Project Manager & Expeditor 4 Brownstone conversion,Williamsburg
https://newyork.craigslist.org/mnh/egr/6175566151.html,Junior Architect / Engineer (Financial District),Financial District
https://newyork.craigslist.org/que/egr/6175525517.html,License Engineer/ Architect,ASTORIA
https://newyork.craigslist.org/mnh/egr/6175504359.html,"Civil Engineer - roadways, drainage, storm-water, AutoCAD",Financial District
https://newyork.craigslist.org/mnh/egr/6175471306.html,Construction Project Manager Real Estate Developer/Builder NYC,East Village
https://newyork.craigslist.org/mnh/egr/6175379100.html,Intermediate Architect,Midtown
https://newyork.craigslist.org/mnh/egr/6175370987.html,Procurement Project Manager with Interior Design background needed,Midtown East
https://newyork.craigslist.org/mnh/egr/6175370629.html,CONSTRUCTION SUPERINTENDANT,New York City
https://newyork.craigslist.org/wch/egr/6175323592.html,Project Estimator,Stamford
https://newyork.craigslist.org/brk/egr/6175272276.html,Seeking mechanical engineer specializing in HVAC and plumbing design.,Brooklyn
https://newyork.craigslist.org/lgi/egr/6175214754.html,General Construction Laborer,COPIAGUE
https://newyork.craigslist.org/fct/egr/6175159418.html,Landscape Architect/Designer (2-5 years experience),"Bridgeport, CT"
https://newyork.craigslist.org/lgi/egr/6174925985.html,Draftsperson/Expediter,Great Neck
https://newyork.craigslist.org/mnh/egr/6174919065.html,Intermediate Architect for Small High-End Residential Firm,Union Square
https://newyork.craigslist.org/mnh/egr/6174852208.html,Landscape Design Teacher,Manhattan
https://newyork.craigslist.org/mnh/egr/6174653149.html,Fire Sprinkler Engineer,NYC
https://newyork.craigslist.org/brk/egr/6173982061.html,Project manager and Estimator,greenpoint brooklyn
https://newyork.craigslist.org/mnh/egr/6173920794.html,Architect / Engineer / CAD Operator,Upper West Side
https://newyork.craigslist.org/mnh/egr/6173835163.html,Junior Architect for high-end residential projects,Chelsea
https://newyork.craigslist.org/mnh/egr/6173690789.html,Retail Design Project Manager,New York
https://newyork.craigslist.org/mnh/egr/6173670978.html,Interior Design Project Designer,New York
https://newyork.craigslist.org/mnh/egr/6173642991.html,"Project Designer, Retail Design",New York
https://newyork.craigslist.org/que/egr/6173620255.html,Electrical Engineer Assistant,Maspeth
https://newyork.craigslist.org/mnh/egr/6173601324.html,Architecture Job Captain,New York
https://newyork.craigslist.org/mnh/egr/6173563139.html,Interior Design Project Manager,New York
https://newyork.craigslist.org/brk/egr/6173478645.html,Architect Summer Internship,Brooklyn Hts
https://newyork.craigslist.org/mnh/egr/6173420271.html,Interior Designer/Architect for Design Build firm (Financial District),Financial District
https://newyork.craigslist.org/que/egr/6173396601.html,Demolition / Project Estimator 5 Boroughs,5 Boroughs
https://newyork.craigslist.org/lgi/egr/6173371830.html,Field Inspector/Engineer,Hicksville
https://newyork.craigslist.org/mnh/egr/6173359670.html,HVAC Project Superintendent,Greenwich Village
https://newyork.craigslist.org/brk/egr/6173338865.html,"Code Inspector (Bayridge, Brooklyn)",
https://newyork.craigslist.org/brk/egr/6173338227.html,"Senior Analyst-Construction (Bayridge, Brooklyn)",
https://newyork.craigslist.org/brk/egr/6173336328.html,"Project Analyst (Bayridge, Brooklyn)",
https://newyork.craigslist.org/mnh/egr/6173326579.html,CERTIFIED CONCRETE CONSTRUCTION SPECIAL INSPECTORS,GREATER NYC AREA
https://newyork.craigslist.org/mnh/egr/6172131271.html,Project Architect,Chelsea
https://newyork.craigslist.org/mnh/egr/6171931353.html,Assistant Project Manager,Midtown West
https://newyork.craigslist.org/mnh/egr/6171929690.html,Construction Site Super/Project Manager,Midtown West
https://newyork.craigslist.org/mnh/egr/6171416295.html,NYC Interiors Construction Estimator,Midtown West
https://newyork.craigslist.org/que/egr/6170746325.html,Junior Architect,
https://newyork.craigslist.org/mnh/egr/6170112871.html,"DOB, NYFD, L/M APPLICATIONS",Downtown
https://newyork.craigslist.org/brk/egr/6169834558.html,Architecture/ Interior Design Intern,Brooklyn
https://newyork.craigslist.org/mnh/egr/6169776124.html,Junior Architect,Midtown
https://newyork.craigslist.org/mnh/egr/6169774917.html,Intermediate Architect,Midtown
https://newyork.craigslist.org/mnh/egr/6169708304.html,Project Manager,
https://newyork.craigslist.org/mnh/egr/6169703942.html,Controls/ Instrumentation Engineer,Midtown
https://newyork.craigslist.org/brk/egr/6169702790.html,Architecture office looking for Expediting Coordinator,
https://newyork.craigslist.org/mnh/egr/6169602932.html,Project Architect,TriBeCa
https://newyork.craigslist.org/mnh/egr/6169601005.html,Building Envelope Engineer,TriBeCa
https://newyork.craigslist.org/mnh/egr/6169599107.html,Building Envelope Architect,TriBeCa
https://newyork.craigslist.org/mnh/egr/6169509040.html,CIVIL ENGINEER - SPECIAL INSPECTIONS -WELDING / CONCRETE / SOIL+,GREATER NYC AREA
https://newyork.craigslist.org/mnh/egr/6169501143.html,Senior Technical Architect for CA Role,SoHo
https://newyork.craigslist.org/lgi/egr/6169379430.html,Steel Estimator,Nassau County
https://newyork.craigslist.org/brk/egr/6169374332.html,AutoCAD Drafter or Staff Engineer,E 19th St. & Kings Hwy
https://newyork.craigslist.org/mnh/egr/6169319195.html,Inside Architectural Support Representative,
https://newyork.craigslist.org/fct/egr/6169314944.html,Landscape Design Sales -- Landscape Designer/Architect,
https://newyork.craigslist.org/que/egr/6169192506.html,Project Architect(s),Queens
https://newyork.craigslist.org/wch/egr/6168963161.html,Architectural Draftsperson,Mt. Vernon
https://newyork.craigslist.org/mnh/egr/6168957199.html,Freelance Junior Architect/Interior Designer for Design Set Drafting,West Village
https://newyork.craigslist.org/mnh/egr/6168269231.html,Interior Designer Internship,Midtown East
https://newyork.craigslist.org/jsy/egr/6168252599.html,Accident Reconstruction Expert,Tri-State Area
https://newyork.craigslist.org/brk/egr/6168250655.html,Drafter wanted for high-end metal design shop,Brooklyn
https://newyork.craigslist.org/que/egr/6168234893.html,Intermediate Architect (residential; commercial),Queens
https://newyork.craigslist.org/wch/egr/6168147766.html,Junior Architect,Dobbs Ferry
https://newyork.craigslist.org/mnh/egr/6168142293.html,Construction Project Engineer,
https://newyork.craigslist.org/brk/egr/6168111454.html,Drafter/Shop Drawings/Design Development 2D and 3D,"Brooklyn, NY"
https://newyork.craigslist.org/mnh/egr/6168050466.html,Project Architect,TriBeCa
https://newyork.craigslist.org/que/egr/6168039888.html,AutoCAD Draftsman Needed,Maspeth
https://newyork.craigslist.org/mnh/egr/6168008416.html,Intermediate Architect,Flatiron
https://newyork.craigslist.org/stn/egr/6167934544.html,Marine Construction Manager,Staten Island
https://newyork.craigslist.org/stn/egr/6167930300.html,Construction Project Manager,Staten Island
https://newyork.craigslist.org/stn/egr/6167923484.html,Asphalt Plant Manager,Staten Island
https://newyork.craigslist.org/mnh/egr/6167899257.html,Draftsperson Detailer,Long Island City
https://newyork.craigslist.org/mnh/egr/6167862391.html,Architectural Firm Seeking Interior Design Intern,Upper West Side
